<?xml version="1.0" encoding="UTF-8"?>
<bsmconf>
  <entities name="com.nagravision.bsm.model.User" table="BSM_USER">
    <entity>
      <property name="id" column="USER_ID">1</property>
      <property name="userName" column="USER_NAME">admin</property>
      <property name="password" column="PASSWORD">21232f297a57a5a743894a0e4a801fc3</property>
      <property name="status" column="STATUS">1</property>
    </entity>
    <entity>
      <property name="id" column="USER_ID">2</property>
      <property name="userName" column="USER_NAME">user</property>
      <property name="password" column="PASSWORD">ee11cbb19052e40b07aac0ca060c23ee</property>
      <property name="status" column="STATUS">1</property>
    </entity>
  </entities>
  <entities name="com.nagravision.bsm.model.Role" table="BSM_ROLE">
    <entity>
      <property name="id" column="ROLE_ID">0</property>
      <property name="roleName" column="ROLE_NAME">ANONYMOUS</property>
      <property name="remark" column="REMARK">BSM ANONYMOUS USER</property>
    </entity>
    <entity>
      <property name="id" column="ROLE_ID">1</property>
      <property name="roleName" column="ROLE_NAME">ADMIN</property>
      <property name="remark" column="REMARK">BSM ADMIN</property>
    </entity>
    <entity>
      <property name="id" column="ROLE_ID">2</property>
      <property name="roleName" column="ROLE_NAME">USER</property>
      <property name="remark" column="REMARK">BSM USER</property>
    </entity>
  </entities>
  <entities name="com.nagravision.bsm.model.PermissionVO" table="BSM_PERMISSION">
    <entity>
      <property name="id" column="ID">1</property>
      <property name="permissionId" column="PERMISSION_ID">01</property>
      <property name="parentId" column="PERMISSION_PARENT_ID">0</property>
      <property name="permissionName" column="PERMISSION_NAME">Report Schedule Manager</property>
      <property name="url" column="URL" />
      <property name="comment" column="PERMISSION_COMMENT">Report Schedule Manager</property>
    </entity>
    <entity>
      <property name="id" column="ID">2</property>
      <property name="permissionId" column="PERMISSION_ID">0101</property>
      <property name="parentId" column="PERMISSION_PARENT_ID">01</property>
      <property name="permissionName" column="PERMISSION_NAME">View Report Schedule Manager</property>
      <property name="url" column="URL" />
      <property name="comment" column="PERMISSION_COMMENT">View Report Schedule Manager</property>
    </entity>
    <entity>
      <property name="id" column="ID">3</property>
      <property name="permissionId" column="PERMISSION_ID">0102</property>
      <property name="parentId" column="PERMISSION_PARENT_ID">01</property>
      <property name="permissionName" column="PERMISSION_NAME">Create Report Event</property>
      <property name="url" column="URL" />
      <property name="comment" column="PERMISSION_COMMENT">Create Report Event</property>
    </entity>
    <entity>
      <property name="id" column="ID">4</property>
      <property name="permissionId" column="PERMISSION_ID">0103</property>
      <property name="parentId" column="PERMISSION_PARENT_ID">01</property>
      <property name="permissionName" column="PERMISSION_NAME">Update Report Event</property>
      <property name="url" column="URL" />
      <property name="comment" column="PERMISSION_COMMENT">Update Report Event</property>
    </entity>
    <entity>
      <property name="id" column="ID">5</property>
      <property name="permissionId" column="PERMISSION_ID">0104</property>
      <property name="parentId" column="PERMISSION_PARENT_ID">01</property>
      <property name="permissionName" column="PERMISSION_NAME">Remove Report Event</property>
      <property name="url" column="URL" />
      <property name="comment" column="PERMISSION_COMMENT">Remove Report Event</property>
    </entity>
    <entity>
      <property name="id" column="ID">6</property>
      <property name="permissionId" column="PERMISSION_ID">02</property>
      <property name="parentId" column="PERMISSION_PARENT_ID">0</property>
      <property name="permissionName" column="PERMISSION_NAME">Report Manager</property>
      <property name="url" column="URL" />
      <property name="comment" column="PERMISSION_COMMENT">Report Manager</property>
    </entity>
    <entity>
      <property name="id" column="ID">7</property>
      <property name="permissionId" column="PERMISSION_ID">0201</property>
      <property name="parentId" column="PERMISSION_PARENT_ID">02</property>
      <property name="permissionName" column="PERMISSION_NAME">View Report Manager</property>
      <property name="url" column="URL" />
      <property name="comment" column="PERMISSION_COMMENT">View Report Manager</property>
    </entity>
    <entity>
      <property name="id" column="ID">8</property>
      <property name="permissionId" column="PERMISSION_ID">0202</property>
      <property name="parentId" column="PERMISSION_PARENT_ID">02</property>
      <property name="permissionName" column="PERMISSION_NAME">Add Report</property>
      <property name="url" column="URL" />
      <property name="comment" column="PERMISSION_COMMENT">Add Report</property>
    </entity>
    <entity>
      <property name="id" column="ID">9</property>
      <property name="permissionId" column="PERMISSION_ID">0203</property>
      <property name="parentId" column="PERMISSION_PARENT_ID">02</property>
      <property name="permissionName" column="PERMISSION_NAME">Download Report</property>
      <property name="url" column="URL" />
      <property name="comment" column="PERMISSION_COMMENT">Download Report</property>
    </entity>
    <entity>
      <property name="id" column="ID">10</property>
      <property name="permissionId" column="PERMISSION_ID">0204</property>
      <property name="parentId" column="PERMISSION_PARENT_ID">02</property>
      <property name="permissionName" column="PERMISSION_NAME">Update Report</property>
      <property name="url" column="URL" />
      <property name="comment" column="PERMISSION_COMMENT">Update Report</property>
    </entity>
    <entity>
      <property name="id" column="ID">11</property>
      <property name="permissionId" column="PERMISSION_ID">0205</property>
      <property name="parentId" column="PERMISSION_PARENT_ID">02</property>
      <property name="permissionName" column="PERMISSION_NAME">Remove Report</property>
      <property name="url" column="URL" />
      <property name="comment" column="PERMISSION_COMMENT">Remove Report</property>
    </entity>
    <entity>
      <property name="id" column="ID">12</property>
      <property name="permissionId" column="PERMISSION_ID">0206</property>
      <property name="parentId" column="PERMISSION_PARENT_ID">02</property>
      <property name="permissionName" column="PERMISSION_NAME">Generate Report</property>
      <property name="url" column="URL" />
      <property name="comment" column="PERMISSION_COMMENT">Generate Report</property>
    </entity>
    <entity>
      <property name="id" column="ID">13</property>
      <property name="permissionId" column="PERMISSION_ID">0207</property>
      <property name="parentId" column="PERMISSION_PARENT_ID">02</property>
      <property name="permissionName" column="PERMISSION_NAME">View Generated Files</property>
      <property name="url" column="URL" />
      <property name="comment" column="PERMISSION_COMMENT">view and download generated files of report</property>
    </entity>
    <entity>
      <property name="id" column="ID">14</property>
      <property name="permissionId" column="PERMISSION_ID">0208</property>
      <property name="parentId" column="PERMISSION_PARENT_ID">02</property>
      <property name="permissionName" column="PERMISSION_NAME">Set Report Template To Public</property>
      <property name="url" column="URL" />
      <property name="comment" column="PERMISSION_COMMENT">Set to generic report template</property>
    </entity>
    <entity>
      <property name="id" column="ID">15</property>
      <property name="permissionId" column="PERMISSION_ID">0209</property>
      <property name="parentId" column="PERMISSION_PARENT_ID">02</property>
      <property name="permissionName" column="PERMISSION_NAME">Set Report Template To Private</property>
      <property name="url" column="URL" />
      <property name="comment" column="PERMISSION_COMMENT">Set to non-generic report template</property>
    </entity>
    <entity>
      <property name="id" column="ID">16</property>
      <property name="permissionId" column="PERMISSION_ID">03</property>
      <property name="parentId" column="PERMISSION_PARENT_ID">0</property>
      <property name="permissionName" column="PERMISSION_NAME">Administration</property>
      <property name="url" column="URL" />
      <property name="comment" column="PERMISSION_COMMENT">Administration</property>
    </entity>
    <entity>
      <property name="id" column="ID">17</property>
      <property name="permissionId" column="PERMISSION_ID">0301</property>
      <property name="parentId" column="PERMISSION_PARENT_ID">03</property>
      <property name="permissionName" column="PERMISSION_NAME">Server</property>
      <property name="url" column="URL" />
      <property name="comment" column="PERMISSION_COMMENT">Server</property>
    </entity>
    <entity>
      <property name="id" column="ID">18</property>
      <property name="permissionId" column="PERMISSION_ID">030101</property>
      <property name="parentId" column="PERMISSION_PARENT_ID">0301</property>
      <property name="permissionName" column="PERMISSION_NAME">Front Page Configuration</property>
      <property name="url" column="URL" />
      <property name="comment" column="PERMISSION_COMMENT">Front Page Configuration</property>
    </entity>
    <entity>
      <property name="id" column="ID">19</property>
      <property name="permissionId" column="PERMISSION_ID">03010101</property>
      <property name="parentId" column="PERMISSION_PARENT_ID">030101</property>
      <property name="permissionName" column="PERMISSION_NAME">View Front Page Configuration</property>
      <property name="url" column="URL" />
      <property name="comment" column="PERMISSION_COMMENT">View Front Page Configuration</property>
    </entity>
    <entity>
      <property name="id" column="ID">20</property>
      <property name="permissionId" column="PERMISSION_ID">03010102</property>
      <property name="parentId" column="PERMISSION_PARENT_ID">030101</property>
      <property name="permissionName" column="PERMISSION_NAME">Save Front Page Configuration</property>
      <property name="url" column="URL" />
      <property name="comment" column="PERMISSION_COMMENT">Save Front Page Configuration</property>
    </entity>
    <entity>
      <property name="id" column="ID">21</property>
      <property name="permissionId" column="PERMISSION_ID">03010103</property>
      <property name="parentId" column="PERMISSION_PARENT_ID">030101</property>
      <property name="permissionName" column="PERMISSION_NAME">Upload Front Page Image</property>
      <property name="url" column="URL" />
      <property name="comment" column="PERMISSION_COMMENT">Upload Front Page Image</property>
    </entity>
    <entity>
      <property name="id" column="ID">22</property>
      <property name="permissionId" column="PERMISSION_ID">03010104</property>
      <property name="parentId" column="PERMISSION_PARENT_ID">030101</property>
      <property name="permissionName" column="PERMISSION_NAME">Upload Header Image</property>
      <property name="url" column="URL" />
      <property name="comment" column="PERMISSION_COMMENT">Upload Header Image</property>
    </entity>
    <entity>
      <property name="id" column="ID">23</property>
      <property name="permissionId" column="PERMISSION_ID">030102</property>
      <property name="parentId" column="PERMISSION_PARENT_ID">0301</property>
      <property name="permissionName" column="PERMISSION_NAME">Report Transport Configuration</property>
      <property name="url" column="URL" />
      <property name="comment" column="PERMISSION_COMMENT">Report Transport Configuration</property>
    </entity>
    <entity>
      <property name="id" column="ID">24</property>
      <property name="permissionId" column="PERMISSION_ID">03010201</property>
      <property name="parentId" column="PERMISSION_PARENT_ID">030102</property>
      <property name="permissionName" column="PERMISSION_NAME">View Report Transport Configuration</property>
      <property name="url" column="URL" />
      <property name="comment" column="PERMISSION_COMMENT">View Report Transport Configuration</property>
    </entity>
    <entity>
      <property name="id" column="ID">25</property>
      <property name="permissionId" column="PERMISSION_ID">03010202</property>
      <property name="parentId" column="PERMISSION_PARENT_ID">030102</property>
      <property name="permissionName" column="PERMISSION_NAME">Save Report Transport Configuration</property>
      <property name="url" column="URL" />
      <property name="comment" column="PERMISSION_COMMENT">Save Report Transport Configuration</property>
    </entity>
    <entity>
      <property name="id" column="ID">26</property>
      <property name="permissionId" column="PERMISSION_ID">0302</property>
      <property name="parentId" column="PERMISSION_PARENT_ID">03</property>
      <property name="permissionName" column="PERMISSION_NAME">Security</property>
      <property name="url" column="URL" />
      <property name="comment" column="PERMISSION_COMMENT">Security</property>
    </entity>
    <entity>
      <property name="id" column="ID">27</property>
      <property name="permissionId" column="PERMISSION_ID">030201</property>
      <property name="parentId" column="PERMISSION_PARENT_ID">0302</property>
      <property name="permissionName" column="PERMISSION_NAME">User Manager</property>
      <property name="url" column="URL" />
      <property name="comment" column="PERMISSION_COMMENT">User Manager</property>
    </entity>
    <entity>
      <property name="id" column="ID">28</property>
      <property name="permissionId" column="PERMISSION_ID">03020101</property>
      <property name="parentId" column="PERMISSION_PARENT_ID">030201</property>
      <property name="permissionName" column="PERMISSION_NAME">View User Manager</property>
      <property name="url" column="URL" />
      <property name="comment" column="PERMISSION_COMMENT">View User Manager</property>
    </entity>
    <entity>
      <property name="id" column="ID">29</property>
      <property name="permissionId" column="PERMISSION_ID">03020102</property>
      <property name="parentId" column="PERMISSION_PARENT_ID">030201</property>
      <property name="permissionName" column="PERMISSION_NAME">Create User</property>
      <property name="url" column="URL" />
      <property name="comment" column="PERMISSION_COMMENT">Create User</property>
    </entity>
    <entity>
      <property name="id" column="ID">30</property>
      <property name="permissionId" column="PERMISSION_ID">03020103</property>
      <property name="parentId" column="PERMISSION_PARENT_ID">030201</property>
      <property name="permissionName" column="PERMISSION_NAME">Update User</property>
      <property name="url" column="URL" />
      <property name="comment" column="PERMISSION_COMMENT">Update User</property>
    </entity>
    <entity>
      <property name="id" column="ID">31</property>
      <property name="permissionId" column="PERMISSION_ID">03020104</property>
      <property name="parentId" column="PERMISSION_PARENT_ID">030201</property>
      <property name="permissionName" column="PERMISSION_NAME">Remove User</property>
      <property name="url" column="URL" />
      <property name="comment" column="PERMISSION_COMMENT">Remove User</property>
    </entity>
    <entity>
      <property name="id" column="ID">32</property>
      <property name="permissionId" column="PERMISSION_ID">030202</property>
      <property name="parentId" column="PERMISSION_PARENT_ID">0302</property>
      <property name="permissionName" column="PERMISSION_NAME">Role Manager</property>
      <property name="url" column="URL" />
      <property name="comment" column="PERMISSION_COMMENT">Role Manager</property>
    </entity>
    <entity>
      <property name="id" column="ID">33</property>
      <property name="permissionId" column="PERMISSION_ID">03020201</property>
      <property name="parentId" column="PERMISSION_PARENT_ID">030202</property>
      <property name="permissionName" column="PERMISSION_NAME">View Role Manager</property>
      <property name="url" column="URL" />
      <property name="comment" column="PERMISSION_COMMENT">View Role Manager</property>
    </entity>
    <entity>
      <property name="id" column="ID">34</property>
      <property name="permissionId" column="PERMISSION_ID">03020202</property>
      <property name="parentId" column="PERMISSION_PARENT_ID">030202</property>
      <property name="permissionName" column="PERMISSION_NAME">Create Role</property>
      <property name="url" column="URL" />
      <property name="comment" column="PERMISSION_COMMENT">Create Role</property>
    </entity>
    <entity>
      <property name="id" column="ID">35</property>
      <property name="permissionId" column="PERMISSION_ID">03020203</property>
      <property name="parentId" column="PERMISSION_PARENT_ID">030202</property>
      <property name="permissionName" column="PERMISSION_NAME">Update Role</property>
      <property name="url" column="URL" />
      <property name="comment" column="PERMISSION_COMMENT">Update Role</property>
    </entity>
    <entity>
      <property name="id" column="ID">36</property>
      <property name="permissionId" column="PERMISSION_ID">03020204</property>
      <property name="parentId" column="PERMISSION_PARENT_ID">030202</property>
      <property name="permissionName" column="PERMISSION_NAME">Remove Role</property>
      <property name="url" column="URL" />
      <property name="comment" column="PERMISSION_COMMENT">Remove Role</property>
    </entity>
    <entity>
      <property name="id" column="ID">37</property>
      <property name="permissionId" column="PERMISSION_ID">0303</property>
      <property name="parentId" column="PERMISSION_PARENT_ID">03</property>
      <property name="permissionName" column="PERMISSION_NAME">Scheduled Tasks</property>
      <property name="url" column="URL" />
      <property name="comment" column="PERMISSION_COMMENT">Scheduled Tasks</property>
    </entity>
    <entity>
      <property name="id" column="ID">38</property>
      <property name="permissionId" column="PERMISSION_ID">030301</property>
      <property name="parentId" column="PERMISSION_PARENT_ID">0303</property>
      <property name="permissionName" column="PERMISSION_NAME">Report Purge Configuration</property>
      <property name="url" column="URL" />
      <property name="comment" column="PERMISSION_COMMENT">Report Purge Configuration</property>
    </entity>
    <entity>
      <property name="id" column="ID">39</property>
      <property name="permissionId" column="PERMISSION_ID">03030101</property>
      <property name="parentId" column="PERMISSION_PARENT_ID">030301</property>
      <property name="permissionName" column="PERMISSION_NAME">View Report Purge Configuration</property>
      <property name="url" column="URL" />
      <property name="comment" column="PERMISSION_COMMENT">View Report Purge Configuration</property>
    </entity>
    <entity>
      <property name="id" column="ID">40</property>
      <property name="permissionId" column="PERMISSION_ID">03030102</property>
      <property name="parentId" column="PERMISSION_PARENT_ID">030301</property>
      <property name="permissionName" column="PERMISSION_NAME">Save Report Purge Configuration</property>
      <property name="url" column="URL" />
      <property name="comment" column="PERMISSION_COMMENT">Save Report Purge Configuration</property>
    </entity>
    <entity>
      <property name="id" column="ID">41</property>
      <property name="permissionId" column="PERMISSION_ID">030302</property>
      <property name="parentId" column="PERMISSION_PARENT_ID">0303</property>
      <property name="permissionName" column="PERMISSION_NAME">Log Purge Configuration</property>
      <property name="url" column="URL" />
      <property name="comment" column="PERMISSION_COMMENT">Log Purge Configuration</property>
    </entity>
    <entity>
      <property name="id" column="ID">42</property>
      <property name="permissionId" column="PERMISSION_ID">03030201</property>
      <property name="parentId" column="PERMISSION_PARENT_ID">030302</property>
      <property name="permissionName" column="PERMISSION_NAME">View Log Purge Configuration</property>
      <property name="url" column="URL" />
      <property name="comment" column="PERMISSION_COMMENT">View Log Purge Configuration</property>
    </entity>
    <entity>
      <property name="id" column="ID">43</property>
      <property name="permissionId" column="PERMISSION_ID">03030202</property>
      <property name="parentId" column="PERMISSION_PARENT_ID">030302</property>
      <property name="permissionName" column="PERMISSION_NAME">Save Log Purge Configuration</property>
      <property name="url" column="URL" />
      <property name="comment" column="PERMISSION_COMMENT">Save Log Purge Configuration</property>
    </entity>
    <entity>
      <property name="id" column="ID">44</property>
      <property name="permissionId" column="PERMISSION_ID">0304</property>
      <property name="parentId" column="PERMISSION_PARENT_ID">03</property>
      <property name="permissionName" column="PERMISSION_NAME">Log</property>
      <property name="url" column="URL" />
      <property name="comment" column="PERMISSION_COMMENT">Log</property>
    </entity>
    <entity>
      <property name="id" column="ID">45</property>
      <property name="permissionId" column="PERMISSION_ID">030401</property>
      <property name="parentId" column="PERMISSION_PARENT_ID">0304</property>
      <property name="permissionName" column="PERMISSION_NAME">Log Viewer</property>
      <property name="url" column="URL" />
      <property name="comment" column="PERMISSION_COMMENT">Log Viewer</property>
    </entity>
    <entity>
      <property name="id" column="ID">46</property>
      <property name="permissionId" column="PERMISSION_ID">03040101</property>
      <property name="parentId" column="PERMISSION_PARENT_ID">030401</property>
      <property name="permissionName" column="PERMISSION_NAME">View Log Viewer</property>
      <property name="url" column="URL" />
      <property name="comment" column="PERMISSION_COMMENT">View Log Viewer</property>
    </entity>
    <entity>
      <property name="id" column="ID">47</property>
      <property name="permissionId" column="PERMISSION_ID">0305</property>
      <property name="parentId" column="PERMISSION_PARENT_ID">03</property>
      <property name="permissionName" column="PERMISSION_NAME">System Maintenance</property>
      <property name="url" column="URL" />
      <property name="comment" column="PERMISSION_COMMENT">System Maintenance</property>
    </entity>
    <entity>
      <property name="id" column="ID">48</property>
      <property name="permissionId" column="PERMISSION_ID">030501</property>
      <property name="parentId" column="PERMISSION_PARENT_ID">0305</property>
      <property name="permissionName" column="PERMISSION_NAME">BSM Configuration</property>
      <property name="url" column="URL" />
      <property name="comment" column="PERMISSION_COMMENT">BSM Configuration</property>
    </entity>
    <entity>
      <property name="id" column="ID">49</property>
      <property name="permissionId" column="PERMISSION_ID">03050101</property>
      <property name="parentId" column="PERMISSION_PARENT_ID">030501</property>
      <property name="permissionName" column="PERMISSION_NAME">BSM Configuration Backup</property>
      <property name="url" column="URL" />
      <property name="comment" column="PERMISSION_COMMENT">BSM Configuration Backup</property>
    </entity>
    <entity>
      <property name="id" column="ID">50</property>
      <property name="permissionId" column="PERMISSION_ID">0305010101</property>
      <property name="parentId" column="PERMISSION_PARENT_ID">03050101</property>
      <property name="permissionName" column="PERMISSION_NAME">View BSM Configuration Backup</property>
      <property name="url" column="URL" />
      <property name="comment" column="PERMISSION_COMMENT">View BSM Configuration Backup</property>
    </entity>
    <entity>
      <property name="id" column="ID">51</property>
      <property name="permissionId" column="PERMISSION_ID">0305010102</property>
      <property name="parentId" column="PERMISSION_PARENT_ID">03050101</property>
      <property name="permissionName" column="PERMISSION_NAME">Backup BSM Configuration On Schedule</property>
      <property name="url" column="URL" />
      <property name="comment" column="PERMISSION_COMMENT">Backup BSM Configuration On Schedule</property>
    </entity>
    <entity>
      <property name="id" column="ID">52</property>
      <property name="permissionId" column="PERMISSION_ID">0305010103</property>
      <property name="parentId" column="PERMISSION_PARENT_ID">03050101</property>
      <property name="permissionName" column="PERMISSION_NAME">Backup BSM Configuration Manually</property>
      <property name="url" column="URL" />
      <property name="comment" column="PERMISSION_COMMENT">Backup BSM Configuration Manually</property>
    </entity>
    <entity>
      <property name="id" column="ID">53</property>
      <property name="permissionId" column="PERMISSION_ID">03050102</property>
      <property name="parentId" column="PERMISSION_PARENT_ID">030501</property>
      <property name="permissionName" column="PERMISSION_NAME">BSM Configuration Restore</property>
      <property name="url" column="URL" />
      <property name="comment" column="PERMISSION_COMMENT">BSM Configuration Restore</property>
    </entity>
    <entity>
      <property name="id" column="ID">54</property>
      <property name="permissionId" column="PERMISSION_ID">0305010201</property>
      <property name="parentId" column="PERMISSION_PARENT_ID">03050102</property>
      <property name="permissionName" column="PERMISSION_NAME">View Restore BSM Configuration</property>
      <property name="url" column="URL" />
      <property name="comment" column="PERMISSION_COMMENT">View Restore BSM Configuration</property>
    </entity>
    <entity>
      <property name="id" column="ID">55</property>
      <property name="permissionId" column="PERMISSION_ID">0305010202</property>
      <property name="parentId" column="PERMISSION_PARENT_ID">03050102</property>
      <property name="permissionName" column="PERMISSION_NAME">Restore BSM Configuration</property>
      <property name="url" column="URL" />
      <property name="comment" column="PERMISSION_COMMENT">Restore BSM Configuration</property>
    </entity>
    <entity>
      <property name="id" column="ID">56</property>
      <property name="permissionId" column="PERMISSION_ID">030503</property>
      <property name="parentId" column="PERMISSION_PARENT_ID">0305</property>
      <property name="permissionName" column="PERMISSION_NAME">Report Template</property>
      <property name="url" column="URL" />
      <property name="comment" column="PERMISSION_COMMENT">Report Template</property>
    </entity>
    <entity>
      <property name="id" column="ID">57</property>
      <property name="permissionId" column="PERMISSION_ID">03050301</property>
      <property name="parentId" column="PERMISSION_PARENT_ID">030503</property>
      <property name="permissionName" column="PERMISSION_NAME">Report Template Backup</property>
      <property name="url" column="URL" />
      <property name="comment" column="PERMISSION_COMMENT">Report Template Backup</property>
    </entity>
    <entity>
      <property name="id" column="ID">58</property>
      <property name="permissionId" column="PERMISSION_ID">0305030101</property>
      <property name="parentId" column="PERMISSION_PARENT_ID">03050301</property>
      <property name="permissionName" column="PERMISSION_NAME">View Report Template Backup</property>
      <property name="url" column="URL" />
      <property name="comment" column="PERMISSION_COMMENT">View Report Template Backup</property>
    </entity>
    <entity>
      <property name="id" column="ID">59</property>
      <property name="permissionId" column="PERMISSION_ID">0305030102</property>
      <property name="parentId" column="PERMISSION_PARENT_ID">03050301</property>
      <property name="permissionName" column="PERMISSION_NAME">Backup Report Template On Schedule</property>
      <property name="url" column="URL" />
      <property name="comment" column="PERMISSION_COMMENT">Backup Report Template On Schedule</property>
    </entity>
    <entity>
      <property name="id" column="ID">60</property>
      <property name="permissionId" column="PERMISSION_ID">0305030103</property>
      <property name="parentId" column="PERMISSION_PARENT_ID">03050301</property>
      <property name="permissionName" column="PERMISSION_NAME">Backup Report Template Manually</property>
      <property name="url" column="URL" />
      <property name="comment" column="PERMISSION_COMMENT">Backup Report Template Manually</property>
    </entity>
    <entity>
      <property name="id" column="ID">61</property>
      <property name="permissionId" column="PERMISSION_ID">03050302</property>
      <property name="parentId" column="PERMISSION_PARENT_ID">030503</property>
      <property name="permissionName" column="PERMISSION_NAME">Report Template Restore</property>
      <property name="url" column="URL" />
      <property name="comment" column="PERMISSION_COMMENT">Report Template Restore</property>
    </entity>
    <entity>
      <property name="id" column="ID">62</property>
      <property name="permissionId" column="PERMISSION_ID">0305030201</property>
      <property name="parentId" column="PERMISSION_PARENT_ID">03050302</property>
      <property name="permissionName" column="PERMISSION_NAME">View Restore Report Template</property>
      <property name="url" column="URL" />
      <property name="comment" column="PERMISSION_COMMENT">View Restore Report Template</property>
    </entity>
    <entity>
      <property name="id" column="ID">63</property>
      <property name="permissionId" column="PERMISSION_ID">0305030202</property>
      <property name="parentId" column="PERMISSION_PARENT_ID">03050302</property>
      <property name="permissionName" column="PERMISSION_NAME">Restore Report Template</property>
      <property name="url" column="URL" />
      <property name="comment" column="PERMISSION_COMMENT">Restore Report Template</property>
    </entity>
    <entity>
      <property name="id" column="ID">64</property>
      <property name="permissionId" column="PERMISSION_ID">030504</property>
      <property name="parentId" column="PERMISSION_PARENT_ID">0305</property>
      <property name="permissionName" column="PERMISSION_NAME">PDI Transform</property>
      <property name="url" column="URL" />
      <property name="comment" column="PERMISSION_COMMENT">PDI Transform</property>
    </entity>
    <entity>
      <property name="id" column="ID">65</property>
      <property name="permissionId" column="PERMISSION_ID">03050401</property>
      <property name="parentId" column="PERMISSION_PARENT_ID">030504</property>
      <property name="permissionName" column="PERMISSION_NAME">PDI Transform Backup</property>
      <property name="url" column="URL" />
      <property name="comment" column="PERMISSION_COMMENT">PDI Transform Backup</property>
    </entity>
    <entity>
      <property name="id" column="ID">66</property>
      <property name="permissionId" column="PERMISSION_ID">0305040101</property>
      <property name="parentId" column="PERMISSION_PARENT_ID">03050401</property>
      <property name="permissionName" column="PERMISSION_NAME">View PDI Transform Backup</property>
      <property name="url" column="URL" />
      <property name="comment" column="PERMISSION_COMMENT">View PDI Transform Backup</property>
    </entity>
    <entity>
      <property name="id" column="ID">67</property>
      <property name="permissionId" column="PERMISSION_ID">0305040102</property>
      <property name="parentId" column="PERMISSION_PARENT_ID">03050401</property>
      <property name="permissionName" column="PERMISSION_NAME">Backup PDI Transform On Schedule</property>
      <property name="url" column="URL" />
      <property name="comment" column="PERMISSION_COMMENT">Backup PDI Transform On Schedule</property>
    </entity>
    <entity>
      <property name="id" column="ID">68</property>
      <property name="permissionId" column="PERMISSION_ID">0305040103</property>
      <property name="parentId" column="PERMISSION_PARENT_ID">03050401</property>
      <property name="permissionName" column="PERMISSION_NAME">Backup PDI Transform Manually</property>
      <property name="url" column="URL" />
      <property name="comment" column="PERMISSION_COMMENT">Backup PDI Transform Manually</property>
    </entity>
    <entity>
      <property name="id" column="ID">69</property>
      <property name="permissionId" column="PERMISSION_ID">03050402</property>
      <property name="parentId" column="PERMISSION_PARENT_ID">030504</property>
      <property name="permissionName" column="PERMISSION_NAME">PDI Transform Restore</property>
      <property name="url" column="URL" />
      <property name="comment" column="PERMISSION_COMMENT">PDI Transform Restore</property>
    </entity>
    <entity>
      <property name="id" column="ID">70</property>
      <property name="permissionId" column="PERMISSION_ID">0305040201</property>
      <property name="parentId" column="PERMISSION_PARENT_ID">03050402</property>
      <property name="permissionName" column="PERMISSION_NAME">View Restore PDI Transform</property>
      <property name="url" column="URL" />
      <property name="comment" column="PERMISSION_COMMENT">View Restore PDI Transform</property>
    </entity>
    <entity>
      <property name="id" column="ID">71</property>
      <property name="permissionId" column="PERMISSION_ID">0305040202</property>
      <property name="parentId" column="PERMISSION_PARENT_ID">03050402</property>
      <property name="permissionName" column="PERMISSION_NAME">Restore PDI Transform</property>
      <property name="url" column="URL" />
      <property name="comment" column="PERMISSION_COMMENT">Restore PDI Transform</property>
    </entity>
    <entity>
      <property name="id" column="ID">72</property>
      <property name="permissionId" column="PERMISSION_ID">030505</property>
      <property name="parentId" column="PERMISSION_PARENT_ID">0305</property>
      <property name="permissionName" column="PERMISSION_NAME">Backup File Transport</property>
      <property name="url" column="URL" />
      <property name="comment" column="PERMISSION_COMMENT">Backup File Transport</property>
    </entity>
    <entity>
      <property name="id" column="ID">73</property>
      <property name="permissionId" column="PERMISSION_ID">03050501</property>
      <property name="parentId" column="PERMISSION_PARENT_ID">030505</property>
      <property name="permissionName" column="PERMISSION_NAME">View Backup File Transport Configuration</property>
      <property name="url" column="URL" />
      <property name="comment" column="PERMISSION_COMMENT">View Backup File Transport Configuration</property>
    </entity>
    <entity>
      <property name="id" column="ID">74</property>
      <property name="permissionId" column="PERMISSION_ID">03050502</property>
      <property name="parentId" column="PERMISSION_PARENT_ID">030505</property>
      <property name="permissionName" column="PERMISSION_NAME">Save Backup File Transport Configuration</property>
      <property name="url" column="URL" />
      <property name="comment" column="PERMISSION_COMMENT">Save View Backup File Transport Configuration</property>
    </entity>
    <entity>
      <property name="id" column="ID">75</property>
      <property name="permissionId" column="PERMISSION_ID">04</property>
      <property name="parentId" column="PERMISSION_PARENT_ID">0</property>
      <property name="permissionName" column="PERMISSION_NAME">Extraction Schedule Manager</property>
      <property name="url" column="URL" />
      <property name="comment" column="PERMISSION_COMMENT">Extraction Schedule Manager</property>
    </entity>
    <entity>
      <property name="id" column="ID">76</property>
      <property name="permissionId" column="PERMISSION_ID">0401</property>
      <property name="parentId" column="PERMISSION_PARENT_ID">04</property>
      <property name="permissionName" column="PERMISSION_NAME">View Transform Schedule Manager</property>
      <property name="url" column="URL" />
      <property name="comment" column="PERMISSION_COMMENT">View Transform Schedule Manager</property>
    </entity>
    <entity>
      <property name="id" column="ID">77</property>
      <property name="permissionId" column="PERMISSION_ID">0402</property>
      <property name="parentId" column="PERMISSION_PARENT_ID">04</property>
      <property name="permissionName" column="PERMISSION_NAME">Create Transform Event</property>
      <property name="url" column="URL" />
      <property name="comment" column="PERMISSION_COMMENT">Create Transform Event</property>
    </entity>
    <entity>
      <property name="id" column="ID">78</property>
      <property name="permissionId" column="PERMISSION_ID">0403</property>
      <property name="parentId" column="PERMISSION_PARENT_ID">04</property>
      <property name="permissionName" column="PERMISSION_NAME">Update Transform Event</property>
      <property name="url" column="URL" />
      <property name="comment" column="PERMISSION_COMMENT">Update Transform Event</property>
    </entity>
    <entity>
      <property name="id" column="ID">79</property>
      <property name="permissionId" column="PERMISSION_ID">0404</property>
      <property name="parentId" column="PERMISSION_PARENT_ID">04</property>
      <property name="permissionName" column="PERMISSION_NAME">Remove Transform Event</property>
      <property name="url" column="URL" />
      <property name="comment" column="PERMISSION_COMMENT">Remove Transform Event</property>
    </entity>
    <entity>
      <property name="id" column="ID">80</property>
      <property name="permissionId" column="PERMISSION_ID">05</property>
      <property name="parentId" column="PERMISSION_PARENT_ID">0</property>
      <property name="permissionName" column="PERMISSION_NAME">Extraction Manager</property>
      <property name="url" column="URL" />
      <property name="comment" column="PERMISSION_COMMENT">Extraction Manager</property>
    </entity>
    <entity>
      <property name="id" column="ID">81</property>
      <property name="permissionId" column="PERMISSION_ID">0501</property>
      <property name="parentId" column="PERMISSION_PARENT_ID">05</property>
      <property name="permissionName" column="PERMISSION_NAME">View Transform Manager</property>
      <property name="url" column="URL" />
      <property name="comment" column="PERMISSION_COMMENT">View Transform Manager</property>
    </entity>
    <entity>
      <property name="id" column="ID">82</property>
      <property name="permissionId" column="PERMISSION_ID">0502</property>
      <property name="parentId" column="PERMISSION_PARENT_ID">05</property>
      <property name="permissionName" column="PERMISSION_NAME">Add Transform</property>
      <property name="url" column="URL" />
      <property name="comment" column="PERMISSION_COMMENT">Add Transform</property>
    </entity>
    <entity>
      <property name="id" column="ID">83</property>
      <property name="permissionId" column="PERMISSION_ID">0503</property>
      <property name="parentId" column="PERMISSION_PARENT_ID">05</property>
      <property name="permissionName" column="PERMISSION_NAME">Download Transform</property>
      <property name="url" column="URL" />
      <property name="comment" column="PERMISSION_COMMENT">Download Transform</property>
    </entity>
    <entity>
      <property name="id" column="ID">84</property>
      <property name="permissionId" column="PERMISSION_ID">0504</property>
      <property name="parentId" column="PERMISSION_PARENT_ID">05</property>
      <property name="permissionName" column="PERMISSION_NAME">Update Transform</property>
      <property name="url" column="URL" />
      <property name="comment" column="PERMISSION_COMMENT">Update Transform</property>
    </entity>
    <entity>
      <property name="id" column="ID">85</property>
      <property name="permissionId" column="PERMISSION_ID">0505</property>
      <property name="parentId" column="PERMISSION_PARENT_ID">05</property>
      <property name="permissionName" column="PERMISSION_NAME">Remove Transform</property>
      <property name="url" column="URL" />
      <property name="comment" column="PERMISSION_COMMENT">Remove Transform</property>
    </entity>
    <entity>
      <property name="id" column="ID">86</property>
      <property name="permissionId" column="PERMISSION_ID">0506</property>
      <property name="parentId" column="PERMISSION_PARENT_ID">05</property>
      <property name="permissionName" column="PERMISSION_NAME">Execute Transform</property>
      <property name="url" column="URL" />
      <property name="comment" column="PERMISSION_COMMENT">Execute Transform</property>
    </entity>
    <entity>
      <property name="id" column="ID">87</property>
      <property name="permissionId" column="PERMISSION_ID">0507</property>
      <property name="parentId" column="PERMISSION_PARENT_ID">05</property>
      <property name="permissionName" column="PERMISSION_NAME">Set Transform To Public</property>
      <property name="url" column="URL" />
      <property name="comment" column="PERMISSION_COMMENT">Set Transform To Public</property>
    </entity>
    <entity>
      <property name="id" column="ID">88</property>
      <property name="permissionId" column="PERMISSION_ID">0508</property>
      <property name="parentId" column="PERMISSION_PARENT_ID">05</property>
      <property name="permissionName" column="PERMISSION_NAME">Set Transform To Private</property>
      <property name="url" column="URL" />
      <property name="comment" column="PERMISSION_COMMENT">Set Transform To Private</property>
    </entity>
    <entity>
      <property name="id" column="ID">89</property>
      <property name="permissionId" column="PERMISSION_ID">06</property>
      <property name="parentId" column="PERMISSION_PARENT_ID">0</property>
      <property name="permissionName" column="PERMISSION_NAME">Help</property>
      <property name="url" column="URL" />
      <property name="comment" column="PERMISSION_COMMENT">Help</property>
    </entity>
    <entity>
      <property name="id" column="ID">90</property>
      <property name="permissionId" column="PERMISSION_ID">0306</property>
      <property name="parentId" column="PERMISSION_PARENT_ID">03</property>
      <property name="permissionName" column="PERMISSION_NAME">Environment Variable</property>
      <property name="url" column="URL" />
      <property name="comment" column="PERMISSION_COMMENT">Environment Variable</property>
    </entity>
    <entity>
      <property name="id" column="ID">91</property>
      <property name="permissionId" column="PERMISSION_ID">030601</property>
      <property name="parentId" column="PERMISSION_PARENT_ID">0306</property>
      <property name="permissionName" column="PERMISSION_NAME">Transform Variable Manager</property>
      <property name="url" column="URL" />
      <property name="comment" column="PERMISSION_COMMENT">Transform Variable Manager</property>
    </entity>
    <entity>
      <property name="id" column="ID">92</property>
      <property name="permissionId" column="PERMISSION_ID">03060101</property>
      <property name="parentId" column="PERMISSION_PARENT_ID">030601</property>
      <property name="permissionName" column="PERMISSION_NAME">View Transform Variable</property>
      <property name="url" column="URL" />
      <property name="comment" column="PERMISSION_COMMENT">View Transform Variable</property>
    </entity>
    <entity>
      <property name="id" column="ID">93</property>
      <property name="permissionId" column="PERMISSION_ID">03060102</property>
      <property name="parentId" column="PERMISSION_PARENT_ID">030601</property>
      <property name="permissionName" column="PERMISSION_NAME">Create Transform Variable</property>
      <property name="url" column="URL" />
      <property name="comment" column="PERMISSION_COMMENT">Create Transform Variable</property>
    </entity>
    <entity>
      <property name="id" column="ID">94</property>
      <property name="permissionId" column="PERMISSION_ID">03060103</property>
      <property name="parentId" column="PERMISSION_PARENT_ID">030601</property>
      <property name="permissionName" column="PERMISSION_NAME">Update Transform Variable</property>
      <property name="url" column="URL" />
      <property name="comment" column="PERMISSION_COMMENT">Update Transform Variable</property>
    </entity>
    <entity>
      <property name="id" column="ID">95</property>
      <property name="permissionId" column="PERMISSION_ID">03060104</property>
      <property name="parentId" column="PERMISSION_PARENT_ID">030601</property>
      <property name="permissionName" column="PERMISSION_NAME">Remove Transform Variable</property>
      <property name="url" column="URL" />
      <property name="comment" column="PERMISSION_COMMENT">Remove Transform Variable</property>
    </entity>
  </entities>
  <entities name="com.nagravision.bsm.model.UserRole" table="BSM_USER_ROLE">
    <entity>
      <property name="id" column="ID">1</property>
      <property name="userId" column="USER_ID">1</property>
      <property name="roleId" column="ROLE_ID">1</property>
    </entity>
    <entity>
      <property name="id" column="ID">2</property>
      <property name="userId" column="USER_ID">2</property>
      <property name="roleId" column="ROLE_ID">2</property>
    </entity>
    <entity>
      <property name="id" column="ID">3</property>
      <property name="userId" column="USER_ID">1</property>
      <property name="roleId" column="ROLE_ID">0</property>
    </entity>
    <entity>
      <property name="id" column="ID">4</property>
      <property name="userId" column="USER_ID">2</property>
      <property name="roleId" column="ROLE_ID">0</property>
    </entity>
  </entities>
  <entities name="com.nagravision.bsm.model.RolePermissionVO" table="BSM_ROLE_PERMISSION">
    <entity>
      <property name="id" column="ID">1</property>
      <property name="roleId" column="ROLE_ID">1</property>
      <property name="permissionId" column="PERMISSION_ID">01</property>
    </entity>
    <entity>
      <property name="id" column="ID">2</property>
      <property name="roleId" column="ROLE_ID">1</property>
      <property name="permissionId" column="PERMISSION_ID">0101</property>
    </entity>
    <entity>
      <property name="id" column="ID">3</property>
      <property name="roleId" column="ROLE_ID">1</property>
      <property name="permissionId" column="PERMISSION_ID">0102</property>
    </entity>
    <entity>
      <property name="id" column="ID">4</property>
      <property name="roleId" column="ROLE_ID">1</property>
      <property name="permissionId" column="PERMISSION_ID">0103</property>
    </entity>
    <entity>
      <property name="id" column="ID">5</property>
      <property name="roleId" column="ROLE_ID">1</property>
      <property name="permissionId" column="PERMISSION_ID">0104</property>
    </entity>
    <entity>
      <property name="id" column="ID">6</property>
      <property name="roleId" column="ROLE_ID">1</property>
      <property name="permissionId" column="PERMISSION_ID">02</property>
    </entity>
    <entity>
      <property name="id" column="ID">7</property>
      <property name="roleId" column="ROLE_ID">1</property>
      <property name="permissionId" column="PERMISSION_ID">0201</property>
    </entity>
    <entity>
      <property name="id" column="ID">8</property>
      <property name="roleId" column="ROLE_ID">1</property>
      <property name="permissionId" column="PERMISSION_ID">0202</property>
    </entity>
    <entity>
      <property name="id" column="ID">9</property>
      <property name="roleId" column="ROLE_ID">1</property>
      <property name="permissionId" column="PERMISSION_ID">0203</property>
    </entity>
    <entity>
      <property name="id" column="ID">10</property>
      <property name="roleId" column="ROLE_ID">1</property>
      <property name="permissionId" column="PERMISSION_ID">0204</property>
    </entity>
    <entity>
      <property name="id" column="ID">11</property>
      <property name="roleId" column="ROLE_ID">1</property>
      <property name="permissionId" column="PERMISSION_ID">0205</property>
    </entity>
    <entity>
      <property name="id" column="ID">12</property>
      <property name="roleId" column="ROLE_ID">1</property>
      <property name="permissionId" column="PERMISSION_ID">0206</property>
    </entity>
    <entity>
      <property name="id" column="ID">13</property>
      <property name="roleId" column="ROLE_ID">1</property>
      <property name="permissionId" column="PERMISSION_ID">0207</property>
    </entity>
    <entity>
      <property name="id" column="ID">14</property>
      <property name="roleId" column="ROLE_ID">1</property>
      <property name="permissionId" column="PERMISSION_ID">0208</property>
    </entity>
    <entity>
      <property name="id" column="ID">15</property>
      <property name="roleId" column="ROLE_ID">1</property>
      <property name="permissionId" column="PERMISSION_ID">0209</property>
    </entity>
    <entity>
      <property name="id" column="ID">16</property>
      <property name="roleId" column="ROLE_ID">1</property>
      <property name="permissionId" column="PERMISSION_ID">03</property>
    </entity>
    <entity>
      <property name="id" column="ID">17</property>
      <property name="roleId" column="ROLE_ID">1</property>
      <property name="permissionId" column="PERMISSION_ID">0301</property>
    </entity>
    <entity>
      <property name="id" column="ID">18</property>
      <property name="roleId" column="ROLE_ID">1</property>
      <property name="permissionId" column="PERMISSION_ID">030101</property>
    </entity>
    <entity>
      <property name="id" column="ID">19</property>
      <property name="roleId" column="ROLE_ID">1</property>
      <property name="permissionId" column="PERMISSION_ID">03010101</property>
    </entity>
    <entity>
      <property name="id" column="ID">20</property>
      <property name="roleId" column="ROLE_ID">1</property>
      <property name="permissionId" column="PERMISSION_ID">03010102</property>
    </entity>
    <entity>
      <property name="id" column="ID">21</property>
      <property name="roleId" column="ROLE_ID">1</property>
      <property name="permissionId" column="PERMISSION_ID">03010103</property>
    </entity>
    <entity>
      <property name="id" column="ID">22</property>
      <property name="roleId" column="ROLE_ID">1</property>
      <property name="permissionId" column="PERMISSION_ID">03010104</property>
    </entity>
    <entity>
      <property name="id" column="ID">23</property>
      <property name="roleId" column="ROLE_ID">1</property>
      <property name="permissionId" column="PERMISSION_ID">030102</property>
    </entity>
    <entity>
      <property name="id" column="ID">24</property>
      <property name="roleId" column="ROLE_ID">1</property>
      <property name="permissionId" column="PERMISSION_ID">03010201</property>
    </entity>
    <entity>
      <property name="id" column="ID">25</property>
      <property name="roleId" column="ROLE_ID">1</property>
      <property name="permissionId" column="PERMISSION_ID">03010202</property>
    </entity>
    <entity>
      <property name="id" column="ID">26</property>
      <property name="roleId" column="ROLE_ID">1</property>
      <property name="permissionId" column="PERMISSION_ID">0302</property>
    </entity>
    <entity>
      <property name="id" column="ID">27</property>
      <property name="roleId" column="ROLE_ID">1</property>
      <property name="permissionId" column="PERMISSION_ID">030201</property>
    </entity>
    <entity>
      <property name="id" column="ID">28</property>
      <property name="roleId" column="ROLE_ID">1</property>
      <property name="permissionId" column="PERMISSION_ID">03020101</property>
    </entity>
    <entity>
      <property name="id" column="ID">29</property>
      <property name="roleId" column="ROLE_ID">1</property>
      <property name="permissionId" column="PERMISSION_ID">03020102</property>
    </entity>
    <entity>
      <property name="id" column="ID">30</property>
      <property name="roleId" column="ROLE_ID">1</property>
      <property name="permissionId" column="PERMISSION_ID">03020103</property>
    </entity>
    <entity>
      <property name="id" column="ID">31</property>
      <property name="roleId" column="ROLE_ID">1</property>
      <property name="permissionId" column="PERMISSION_ID">03020104</property>
    </entity>
    <entity>
      <property name="id" column="ID">32</property>
      <property name="roleId" column="ROLE_ID">1</property>
      <property name="permissionId" column="PERMISSION_ID">030202</property>
    </entity>
    <entity>
      <property name="id" column="ID">33</property>
      <property name="roleId" column="ROLE_ID">1</property>
      <property name="permissionId" column="PERMISSION_ID">03020201</property>
    </entity>
    <entity>
      <property name="id" column="ID">34</property>
      <property name="roleId" column="ROLE_ID">1</property>
      <property name="permissionId" column="PERMISSION_ID">03020202</property>
    </entity>
    <entity>
      <property name="id" column="ID">35</property>
      <property name="roleId" column="ROLE_ID">1</property>
      <property name="permissionId" column="PERMISSION_ID">03020203</property>
    </entity>
    <entity>
      <property name="id" column="ID">36</property>
      <property name="roleId" column="ROLE_ID">1</property>
      <property name="permissionId" column="PERMISSION_ID">03020204</property>
    </entity>
    <entity>
      <property name="id" column="ID">37</property>
      <property name="roleId" column="ROLE_ID">1</property>
      <property name="permissionId" column="PERMISSION_ID">0303</property>
    </entity>
    <entity>
      <property name="id" column="ID">38</property>
      <property name="roleId" column="ROLE_ID">1</property>
      <property name="permissionId" column="PERMISSION_ID">030301</property>
    </entity>
    <entity>
      <property name="id" column="ID">39</property>
      <property name="roleId" column="ROLE_ID">1</property>
      <property name="permissionId" column="PERMISSION_ID">03030101</property>
    </entity>
    <entity>
      <property name="id" column="ID">40</property>
      <property name="roleId" column="ROLE_ID">1</property>
      <property name="permissionId" column="PERMISSION_ID">03030102</property>
    </entity>
    <entity>
      <property name="id" column="ID">41</property>
      <property name="roleId" column="ROLE_ID">1</property>
      <property name="permissionId" column="PERMISSION_ID">030302</property>
    </entity>
    <entity>
      <property name="id" column="ID">42</property>
      <property name="roleId" column="ROLE_ID">1</property>
      <property name="permissionId" column="PERMISSION_ID">03030201</property>
    </entity>
    <entity>
      <property name="id" column="ID">43</property>
      <property name="roleId" column="ROLE_ID">1</property>
      <property name="permissionId" column="PERMISSION_ID">03030202</property>
    </entity>
    <entity>
      <property name="id" column="ID">44</property>
      <property name="roleId" column="ROLE_ID">1</property>
      <property name="permissionId" column="PERMISSION_ID">0304</property>
    </entity>
    <entity>
      <property name="id" column="ID">45</property>
      <property name="roleId" column="ROLE_ID">1</property>
      <property name="permissionId" column="PERMISSION_ID">030401</property>
    </entity>
    <entity>
      <property name="id" column="ID">46</property>
      <property name="roleId" column="ROLE_ID">1</property>
      <property name="permissionId" column="PERMISSION_ID">03040101</property>
    </entity>
    <entity>
      <property name="id" column="ID">47</property>
      <property name="roleId" column="ROLE_ID">1</property>
      <property name="permissionId" column="PERMISSION_ID">0305</property>
    </entity>
    <entity>
      <property name="id" column="ID">48</property>
      <property name="roleId" column="ROLE_ID">1</property>
      <property name="permissionId" column="PERMISSION_ID">030501</property>
    </entity>
    <entity>
      <property name="id" column="ID">49</property>
      <property name="roleId" column="ROLE_ID">1</property>
      <property name="permissionId" column="PERMISSION_ID">03050101</property>
    </entity>
    <entity>
      <property name="id" column="ID">50</property>
      <property name="roleId" column="ROLE_ID">1</property>
      <property name="permissionId" column="PERMISSION_ID">0305010101</property>
    </entity>
    <entity>
      <property name="id" column="ID">51</property>
      <property name="roleId" column="ROLE_ID">1</property>
      <property name="permissionId" column="PERMISSION_ID">0305010102</property>
    </entity>
    <entity>
      <property name="id" column="ID">52</property>
      <property name="roleId" column="ROLE_ID">1</property>
      <property name="permissionId" column="PERMISSION_ID">0305010103</property>
    </entity>
    <entity>
      <property name="id" column="ID">53</property>
      <property name="roleId" column="ROLE_ID">1</property>
      <property name="permissionId" column="PERMISSION_ID">03050102</property>
    </entity>
    <entity>
      <property name="id" column="ID">54</property>
      <property name="roleId" column="ROLE_ID">1</property>
      <property name="permissionId" column="PERMISSION_ID">0305010201</property>
    </entity>
    <entity>
      <property name="id" column="ID">55</property>
      <property name="roleId" column="ROLE_ID">1</property>
      <property name="permissionId" column="PERMISSION_ID">0305010202</property>
    </entity>
    <entity>
      <property name="id" column="ID">56</property>
      <property name="roleId" column="ROLE_ID">1</property>
      <property name="permissionId" column="PERMISSION_ID">030503</property>
    </entity>
    <entity>
      <property name="id" column="ID">57</property>
      <property name="roleId" column="ROLE_ID">1</property>
      <property name="permissionId" column="PERMISSION_ID">03050301</property>
    </entity>
    <entity>
      <property name="id" column="ID">58</property>
      <property name="roleId" column="ROLE_ID">1</property>
      <property name="permissionId" column="PERMISSION_ID">0305030101</property>
    </entity>
    <entity>
      <property name="id" column="ID">59</property>
      <property name="roleId" column="ROLE_ID">1</property>
      <property name="permissionId" column="PERMISSION_ID">0305030102</property>
    </entity>
    <entity>
      <property name="id" column="ID">60</property>
      <property name="roleId" column="ROLE_ID">1</property>
      <property name="permissionId" column="PERMISSION_ID">0305030103</property>
    </entity>
    <entity>
      <property name="id" column="ID">61</property>
      <property name="roleId" column="ROLE_ID">1</property>
      <property name="permissionId" column="PERMISSION_ID">03050302</property>
    </entity>
    <entity>
      <property name="id" column="ID">62</property>
      <property name="roleId" column="ROLE_ID">1</property>
      <property name="permissionId" column="PERMISSION_ID">0305030201</property>
    </entity>
    <entity>
      <property name="id" column="ID">63</property>
      <property name="roleId" column="ROLE_ID">1</property>
      <property name="permissionId" column="PERMISSION_ID">0305030202</property>
    </entity>
    <entity>
      <property name="id" column="ID">64</property>
      <property name="roleId" column="ROLE_ID">1</property>
      <property name="permissionId" column="PERMISSION_ID">030504</property>
    </entity>
    <entity>
      <property name="id" column="ID">65</property>
      <property name="roleId" column="ROLE_ID">1</property>
      <property name="permissionId" column="PERMISSION_ID">03050401</property>
    </entity>
    <entity>
      <property name="id" column="ID">66</property>
      <property name="roleId" column="ROLE_ID">1</property>
      <property name="permissionId" column="PERMISSION_ID">0305040101</property>
    </entity>
    <entity>
      <property name="id" column="ID">67</property>
      <property name="roleId" column="ROLE_ID">1</property>
      <property name="permissionId" column="PERMISSION_ID">0305040102</property>
    </entity>
    <entity>
      <property name="id" column="ID">68</property>
      <property name="roleId" column="ROLE_ID">1</property>
      <property name="permissionId" column="PERMISSION_ID">0305040103</property>
    </entity>
    <entity>
      <property name="id" column="ID">69</property>
      <property name="roleId" column="ROLE_ID">1</property>
      <property name="permissionId" column="PERMISSION_ID">03050402</property>
    </entity>
    <entity>
      <property name="id" column="ID">70</property>
      <property name="roleId" column="ROLE_ID">1</property>
      <property name="permissionId" column="PERMISSION_ID">0305040201</property>
    </entity>
    <entity>
      <property name="id" column="ID">71</property>
      <property name="roleId" column="ROLE_ID">1</property>
      <property name="permissionId" column="PERMISSION_ID">0305040202</property>
    </entity>
    <entity>
      <property name="id" column="ID">72</property>
      <property name="roleId" column="ROLE_ID">1</property>
      <property name="permissionId" column="PERMISSION_ID">030505</property>
    </entity>
    <entity>
      <property name="id" column="ID">73</property>
      <property name="roleId" column="ROLE_ID">1</property>
      <property name="permissionId" column="PERMISSION_ID">03050501</property>
    </entity>
    <entity>
      <property name="id" column="ID">74</property>
      <property name="roleId" column="ROLE_ID">1</property>
      <property name="permissionId" column="PERMISSION_ID">03050502</property>
    </entity>
    <entity>
      <property name="id" column="ID">75</property>
      <property name="roleId" column="ROLE_ID">1</property>
      <property name="permissionId" column="PERMISSION_ID">04</property>
    </entity>
    <entity>
      <property name="id" column="ID">76</property>
      <property name="roleId" column="ROLE_ID">1</property>
      <property name="permissionId" column="PERMISSION_ID">0401</property>
    </entity>
    <entity>
      <property name="id" column="ID">77</property>
      <property name="roleId" column="ROLE_ID">1</property>
      <property name="permissionId" column="PERMISSION_ID">0402</property>
    </entity>
    <entity>
      <property name="id" column="ID">78</property>
      <property name="roleId" column="ROLE_ID">1</property>
      <property name="permissionId" column="PERMISSION_ID">0403</property>
    </entity>
    <entity>
      <property name="id" column="ID">79</property>
      <property name="roleId" column="ROLE_ID">1</property>
      <property name="permissionId" column="PERMISSION_ID">0404</property>
    </entity>
    <entity>
      <property name="id" column="ID">80</property>
      <property name="roleId" column="ROLE_ID">1</property>
      <property name="permissionId" column="PERMISSION_ID">05</property>
    </entity>
    <entity>
      <property name="id" column="ID">81</property>
      <property name="roleId" column="ROLE_ID">1</property>
      <property name="permissionId" column="PERMISSION_ID">0501</property>
    </entity>
    <entity>
      <property name="id" column="ID">82</property>
      <property name="roleId" column="ROLE_ID">1</property>
      <property name="permissionId" column="PERMISSION_ID">0502</property>
    </entity>
    <entity>
      <property name="id" column="ID">83</property>
      <property name="roleId" column="ROLE_ID">1</property>
      <property name="permissionId" column="PERMISSION_ID">0503</property>
    </entity>
    <entity>
      <property name="id" column="ID">84</property>
      <property name="roleId" column="ROLE_ID">1</property>
      <property name="permissionId" column="PERMISSION_ID">0504</property>
    </entity>
    <entity>
      <property name="id" column="ID">85</property>
      <property name="roleId" column="ROLE_ID">1</property>
      <property name="permissionId" column="PERMISSION_ID">0505</property>
    </entity>
    <entity>
      <property name="id" column="ID">86</property>
      <property name="roleId" column="ROLE_ID">1</property>
      <property name="permissionId" column="PERMISSION_ID">0506</property>
    </entity>
    <entity>
      <property name="id" column="ID">87</property>
      <property name="roleId" column="ROLE_ID">1</property>
      <property name="permissionId" column="PERMISSION_ID">0507</property>
    </entity>
    <entity>
      <property name="id" column="ID">88</property>
      <property name="roleId" column="ROLE_ID">1</property>
      <property name="permissionId" column="PERMISSION_ID">0508</property>
    </entity>
    <entity>
      <property name="id" column="ID">89</property>
      <property name="roleId" column="ROLE_ID">1</property>
      <property name="permissionId" column="PERMISSION_ID">06</property>
    </entity>
    <entity>
      <property name="id" column="ID">90</property>
      <property name="roleId" column="ROLE_ID">1</property>
      <property name="permissionId" column="PERMISSION_ID">0306</property>
    </entity>
    <entity>
      <property name="id" column="ID">91</property>
      <property name="roleId" column="ROLE_ID">1</property>
      <property name="permissionId" column="PERMISSION_ID">030601</property>
    </entity>
    <entity>
      <property name="id" column="ID">92</property>
      <property name="roleId" column="ROLE_ID">1</property>
      <property name="permissionId" column="PERMISSION_ID">03060101</property>
    </entity>
    <entity>
      <property name="id" column="ID">93</property>
      <property name="roleId" column="ROLE_ID">1</property>
      <property name="permissionId" column="PERMISSION_ID">03060102</property>
    </entity>
    <entity>
      <property name="id" column="ID">94</property>
      <property name="roleId" column="ROLE_ID">1</property>
      <property name="permissionId" column="PERMISSION_ID">03060103</property>
    </entity>
    <entity>
      <property name="id" column="ID">95</property>
      <property name="roleId" column="ROLE_ID">1</property>
      <property name="permissionId" column="PERMISSION_ID">03060104</property>
    </entity>
  </entities>
  <entities name="com.nagravision.bsm.model.FrontPageConfVO" table="FRONT_PAGE_CONFIGURATION">
    <entity>
      <property name="id" column="ID">1</property>
      <property name="left" column="LEFT">240.0</property>
      <property name="top" column="TOP">160.0</property>
      <property name="width" column="WIDTH">700.0</property>
      <property name="height" column="HEIGHT">260.0</property>
      <property name="bgImagUrl" column="BGIMAGURL">imgs/login/SplashStandard700x260.jpg</property>
      <property name="headerImgUrl" column="HEADERIMGURL">imgs/general/bg_header.jpg</property>
    </entity>
  </entities>
  <entities name="com.nagravision.bsm.model.SystemConfiguration" table="SYSTEM_CONFIGURATION">
    <entity>
      <property name="id" column="ID">1</property>
      <property name="emailAdress" column="EMAILADRSS">BSM_Report@nagra.com</property>
      <property name="smtpServer" column="SMTPSERVER">srv-smtp1.hq.k.grp</property>
      <property name="smtpPort" column="SMTPPORT">25</property>
      <property name="emailUser" column="MAILUSER" />
      <property name="emailPassword" column="PASSWORD" />
      <property name="sendingRepeat" column="SENDINGREPEAT">1</property>
      <property name="userId" column="USERID">1</property>
    </entity>
  </entities>
  <entities name="com.nagravision.bsm.model.UserTransport" table="USER_TRANSPORT">
    <entity>
      <property name="id" column="ID">1</property>
      <property name="desEmail" column="DESEMAIL">teresa.tang@nagra.com</property>
      <property name="ftpUrl" column="FTPURL">vm81653</property>
      <property name="ftpUsername" column="FTPUSERNAME">bsm</property>
      <property name="ftpPassword" column="FTPPASSWORD">bsm</property>
      <property name="ftpSavePath" column="FTPSAVEPATH">/report</property>
      <property name="httpUrl" column="HTTPURL">http://vm81653/incoming/</property>
      <property name="httpUsername" column="HTTPUSERNAME">xampp</property>
      <property name="httpPassword" column="HTTPPASSWORD">xampp</property>
      <property name="userId" column="USERID">1</property>
    </entity>
  </entities>
</bsmconf>

